{"cameraMode":{"drawMode":0,"name":"Shaded","section":"Shading Mode"},"sceneLighting":false,"audioPlay":false,"sceneViewState":{"m_AlwaysRefresh":false,"showFog":true,"showSkybox":true,"showFlares":true,"showImageEffects":true,"showParticleSystems":true,"showVisualEffectGraphs":true,"m_FxEnabled":true},"in2DMode":false,"pivot":{"x":25.42632293701172,"y":5.3294267654418949,"z":-11.294063568115235},"rotation":{"x":0.006491862703114748,"y":0.9879994988441467,"z":-0.1481187641620636,"w":0.04330291226506233},"size":42.740299224853519,"orthographic":false}